Username,Password,Division
U001,MTPH1,Employee
U002,MTPH2,Employee
U003,MTPH3,Employee
U004,MTPH4,Employee
U005,MTPH5,Employee
U006,MTPH6,Employee
U007,MTPH7,Employee
U008,MTPH8,Employee
U009,MTPH9,Employee
U010,MTPH10,Employee
U011,MTPH11,Employee
U012,MTPH12,Employee
U013,MTPH13,Employee
U014,MTPH14,Employee
U015,MTPH15,Employee
U016,MTPH16,Employee
U017,MTPH17,Employee
U018,MTPH18,Employee
U019,MTPH19,Employee
U020,MTPH20,Employee
U021,MTPH21,Employee
U022,MTPH22,Employee
U023,MTPH23,Employee
U024,MTPH24,Employee
U025,MTPH25,Employee
U026,MTPH26,Employee
U027,MTPH27,Employee
U028,MTPH28,Employee
U029,MTPH29,Employee
U030,MTPH30,Employee
U031,MTPH31,Employee
U032,MTPH32,Employee
U033,MTPH33,Employee
U034,MTPH34,Employee
ADM01,AdminPass1,Admin
ADM02,AdminPass2,Admin
IT001,ITPass1,IT
IT002,ITPass2,IT